{"weight":0.6213709000026035563306277536,"LastError":0.000009999900577242571190940,"Smoothing":0.00001,"IsDone":true,"Iteration":858348}